{"max": [9.22863, 2.60128, -1.73254], "centroid": [5.4001539669232255, 0.9492795106275942, -5.8148266228469305], "id": "1a6ad7a24bb89733f412783097373bdc", "numVertices": 30656, "min": [1.58171, 0.0272357, -12.6291]}
