{"max": [4.4557, 2.55316, 4.62769], "centroid": [-1.8737755488388979, 0.06056923564865913, 0.1087358794293384], "id": "1a9b552befd6306cc8f2d5fe7449af61", "numVertices": 13679, "min": [-8.20418, -0.341509, -5.29974]}
