{"max": [0.017953, 0.850234, 1.01], "centroid": [-1.1721367209066305, 0.3604325547839539, 0.4732389771643502], "id": "1aa55867200ea789465e08d496c0420f", "numVertices": 2592, "min": [-2.40873, 0.0, -0.01]}
