{"max": [0.0230187, 1.71244, 2.20424], "centroid": [-0.638808536958119, 0.8438147861866166, 0.7822744719353999], "id": "1edea7d187858e2630b07c64830a47f3", "numVertices": 1361, "min": [-1.54702, 0.0, -0.1143]}
