{"max": [-2.667, 0.4445, 3.6576], "centroid": [-3.168903999999998, 0.2477346666666667, 3.155695999999998], "id": "1e820e0daaae16c7c3bd24f986301745", "numVertices": 75, "min": [-3.6576, 0.0, 2.667]}
